{
  "token_acc": 0.9984532137,
  "token_p": 0.9728314309,
  "token_r": 0.9833731269,
  "token_f": 0.9780738751,
  "pos_acc": 0.988392276,
  "morph_acc": 0.9717554561,
  "morph_micro_p": 0.9877460918,
  "morph_micro_r": 0.9809963107,
  "morph_micro_f": 0.9843596305,
  "morph_per_feat": {
    "Animacy": {
      "p": 0.9883540145,
      "r": 0.979361665,
      "f": 0.9838372925
    },
    "Case": {
      "p": 0.9765649575,
      "r": 0.9697449742,
      "f": 0.9731430171
    },
    "Gender": {
      "p": 0.9866950978,
      "r": 0.9804665946,
      "f": 0.9835709857
    },
    "Number": {
      "p": 0.9952429687,
      "r": 0.9890571439,
      "f": 0.9921404145
    },
    "Degree": {
      "p": 0.9832957573,
      "r": 0.9851129363,
      "f": 0.9842035081
    },
    "Aspect": {
      "p": 0.9841628959,
      "r": 0.9775280899,
      "f": 0.9808342728
    },
    "Mood": {
      "p": 0.9978905571,
      "r": 0.9970245475,
      "f": 0.9974573643
    },
    "Tense": {
      "p": 0.9895499224,
      "r": 0.9823336072,
      "f": 0.9859285604
    },
    "VerbForm": {
      "p": 0.9941176471,
      "r": 0.9874157303,
      "f": 0.9907553551
    },
    "Voice": {
      "p": 0.9885067873,
      "r": 0.9818426966,
      "f": 0.9851634724
    },
    "StyleVariant": {
      "p": 0.9862475442,
      "r": 0.9901380671,
      "f": 0.9881889764
    },
    "Polarity": {
      "p": 1.0,
      "r": 1.0,
      "f": 1.0
    },
    "Person": {
      "p": 0.9988644106,
      "r": 0.9921046695,
      "f": 0.9954730647
    },
    "Foreign": {
      "p": 0.9660523763,
      "r": 0.8615916955,
      "f": 0.9108367627
    },
    "Hyph": {
      "p": 0.0,
      "r": 0.0,
      "f": 0.0
    }
  },
  "sents_p": 0.9984770607,
  "sents_r": 0.9979071537,
  "sents_f": 0.9981920259,
  "dep_uas": 0.9586296141,
  "dep_las": 0.9467577015,
  "dep_las_per_type": {
    "case": {
      "p": 0.9914110429,
      "r": 0.9869397726,
      "f": 0.989170355
    },
    "parataxis": {
      "p": 0.875331565,
      "r": 0.8538163001,
      "f": 0.8644400786
    },
    "nmod": {
      "p": 0.9223498888,
      "r": 0.9244915018,
      "f": 0.9234194536
    },
    "advmod": {
      "p": 0.9544991511,
      "r": 0.9499831024,
      "f": 0.9522357724
    },
    "obl": {
      "p": 0.9381838074,
      "r": 0.9284070916,
      "f": 0.9332698456
    },
    "amod": {
      "p": 0.9876279863,
      "r": 0.9820418552,
      "f": 0.9848269994
    },
    "nsubj": {
      "p": 0.9693553509,
      "r": 0.9639981052,
      "f": 0.9666693057
    },
    "root": {
      "p": 0.9878025538,
      "r": 0.9861111111,
      "f": 0.9869561078
    },
    "xcomp": {
      "p": 0.959634425,
      "r": 0.9574468085,
      "f": 0.9585393686
    },
    "conj": {
      "p": 0.8723975823,
      "r": 0.8915579959,
      "f": 0.8818737271
    },
    "cc": {
      "p": 0.9746835443,
      "r": 0.972404116,
      "f": 0.9735424959
    },
    "fixed": {
      "p": 0.9910485934,
      "r": 0.9860050891,
      "f": 0.9885204082
    },
    "mark": {
      "p": 0.9649578196,
      "r": 0.9706266319,
      "f": 0.9677839245
    },
    "ccomp": {
      "p": 0.9780334728,
      "r": 0.9780334728,
      "f": 0.9780334728
    },
    "nummod:gov": {
      "p": 0.9600840336,
      "r": 0.9520833333,
      "f": 0.9560669456
    },
    "nummod": {
      "p": 0.9619047619,
      "r": 0.9431239389,
      "f": 0.9524217745
    },
    "obj": {
      "p": 0.9668965517,
      "r": 0.9576502732,
      "f": 0.9622512011
    },
    "det": {
      "p": 0.9651669086,
      "r": 0.960982659,
      "f": 0.963070239
    },
    "appos": {
      "p": 0.8786591124,
      "r": 0.7993986254,
      "f": 0.8371569951
    },
    "aux": {
      "p": 0.9619047619,
      "r": 0.9619047619,
      "f": 0.9619047619
    },
    "flat": {
      "p": 0.9976359338,
      "r": 0.9612756264,
      "f": 0.9791183295
    },
    "flat:name": {
      "p": 0.9738219895,
      "r": 0.9607438017,
      "f": 0.9672386895
    },
    "iobj": {
      "p": 0.9167822469,
      "r": 0.8304020101,
      "f": 0.8714568227
    },
    "acl": {
      "p": 0.9076723017,
      "r": 0.8714107366,
      "f": 0.8891719745
    },
    "obl:agent": {
      "p": 0.7125,
      "r": 0.75,
      "f": 0.7307692308
    },
    "advcl": {
      "p": 0.8904428904,
      "r": 0.8721461187,
      "f": 0.8811995386
    },
    "cop": {
      "p": 0.9236111111,
      "r": 0.9236111111,
      "f": 0.9236111111
    },
    "flat:foreign": {
      "p": 0.9602122016,
      "r": 0.8227272727,
      "f": 0.8861689106
    },
    "aux:pass": {
      "p": 0.9885057471,
      "r": 0.9856733524,
      "f": 0.9870875179
    },
    "nsubj:pass": {
      "p": 0.9542772861,
      "r": 0.9445255474,
      "f": 0.9493763756
    },
    "acl:relcl": {
      "p": 0.8104166667,
      "r": 0.7987679671,
      "f": 0.8045501551
    },
    "orphan": {
      "p": 0.75,
      "r": 0.6666666667,
      "f": 0.7058823529
    },
    "discourse": {
      "p": 0.9538461538,
      "r": 0.9538461538,
      "f": 0.9538461538
    },
    "csubj": {
      "p": 0.9632352941,
      "r": 0.9225352113,
      "f": 0.9424460432
    },
    "expl": {
      "p": 0.8823529412,
      "r": 0.7894736842,
      "f": 0.8333333333
    },
    "compound": {
      "p": 0.75,
      "r": 0.3,
      "f": 0.4285714286
    },
    "csubj:pass": {
      "p": 0.8181818182,
      "r": 0.8181818182,
      "f": 0.8181818182
    },
    "nummod:entity": {
      "p": 1.0,
      "r": 0.75,
      "f": 0.8571428571
    },
    "list": {
      "p": 0.0,
      "r": 0.0,
      "f": 0.0
    }
  },
  "tag_acc": 0.988392276,
  "lemma_acc": 2.15267e-05,
  "ents_p": 0.9443423032,
  "ents_r": 0.9510183471,
  "ents_f": 0.9476685676,
  "ents_per_type": {
    "PER": {
      "p": 0.955667789,
      "r": 0.9562043796,
      "f": 0.955936009
    },
    "LOC": {
      "p": 0.9753554502,
      "r": 0.9721303732,
      "f": 0.9737402413
    },
    "ORG": {
      "p": 0.9033955045,
      "r": 0.9246206559,
      "f": 0.9138848573
    }
  },
  "speed": 3721.8314141713
}